{
  "timestamp": "2026-06-24 11:33:22",
  "G": 512,
  "n_keys": 5,
  "n_non_mated": 3000,
  "results": [
    {
      "method": "CTM",
      "same_key_mean": 0.18611653645833334,
      "same_key_std": 0.06631758012087378,
      "diff_key_mean": 0.4866455078125,
      "diff_key_std": 0.023628696892466144,
      "nm_mean": 0.498939453125,
      "nm_std": 0.022403244888198434,
      "dsys": 0.038418027638192256,
      "eer_pct": 38.41458333333333
    },
    {
      "method": "StableCTM",
      "same_key_mean": 0.17441813151041666,
      "same_key_std": 0.06343154941434338,
      "diff_key_mean": 0.48031412760416664,
      "diff_key_std": 0.02411288706537642,
      "nm_mean": 0.499453125,
      "nm_std": 0.022233701072446446,
      "dsys": 0.050506909547738905,
      "eer_pct": 33.79583333333333
    },
    {
      "method": "StableCTM + RGSS",
      "same_key_mean": 0.09860321969696968,
      "same_key_std": 0.06883510747381294,
      "diff_key_mean": 0.48153076171875,
      "diff_key_std": 0.02467456740444916,
      "nm_mean": 0.4991888020833333,
      "nm_std": 0.022640094328175705,
      "dsys": 0.04858678810720145,
      "eer_pct": 35.141666666666666
    },
    {
      "method": "BioHashing",
      "same_key_mean": 0.278564453125,
      "same_key_std": 0.06149517399117193,
      "diff_key_mean": 0.5009318033854167,
      "diff_key_std": 0.022170468794849896,
      "nm_mean": 0.49985416666666665,
      "nm_std": 0.021597337811464976,
      "dsys": 0.004536327470686758,
      "eer_pct": 52.49166666666667
    }
  ]
}